Workbook

Sheet Guide
B2: Variables | C2: x1 | D2: x2
B3: Valeurs | C3: 20 | D3: 40
B4: Objectif | C4: 7 | D4: 6 | E4: =C4*C3+D4*D3 -> 380
B6: R1 | C6: 2 | D6: 4 | E6: =C6*C3+D6*D3 -> 200 | F6: 200
B7: R2 | C7: 30 | D7: 15 | E7: =C7*C3+D7*D3 -> 1200 | F7: 1200
G11: 0

Sheet EX1
B3: Produit 1 | C3: Produit 2 | D3: Disponibilité
A4: Ressource 1 | B4: 1 | C4: 2 | D4: 10
A5: Ressource 2 | B5: 1 | C5: 3 | D5: 12
A6: Profit | B6: 2 | C6: 5
A9: Question 1 :
B11: X1 | C11: X2 | D11: Z
B12: 6 | C12: 2 | D12: =B12*B6+C12*C6 -> 22
A14: C1 | B14: =B12*B4+C12*C4 -> 10 | C14: 10
A15: C2 | B15: =B12*B5+C12*C5 -> 12 | C15: 12
A16: C.S | C16: 0
A19: Question 2 :
B21: X1 | C21: X2 | D21: Z | F21: Nouveau Profit X1
B22: 0 | C22: 4 | D22: 20 | F22: 1
B24: Non la solution n'est plus la même, X1 s'annule et donc Z dépend totalement de X2
A27: Question 3 :
B29: X1 | C29: X2 | D29: Z | F29: Nouveau Profit X2
B30: 10 | C30: 0 | D30: 20 | F30: 2.5
A32: Non la solution n'est plus la même, cette fois ci c'est X2 qui s'annule et donc Z dépend maintenant que de X1
A35: Question 4 :
B37: X1 | C37: X2 | D37: Z | F37: Nouveau Profit X1
B38: 0 | C38: 4 | D38: 20 | F38: 1
B40: Non la solution n'est plus la même, X1 s'annule et donc Z dépend totalement de X2

Sheet __OpenSolverCache__

Sheet __OpenSolver__
A1: =ModelSheet=Guide!A:Z -> #NAME? | B1: =ModelSheet='EX1'!A:Z -> #NAME?
A2: =OpenSolver_AdjNum=1 -> #NAME? | B2: =OpenSolver_AdjNum=2 -> #NAME?
A3: =OpenSolver_ChosenSolver=Google -> #NAME? | B3: =OpenSolver_ChosenSolver=Google -> #NAME?
A4: =OpenSolver_FastBuild=0 -> #NAME? | B4: =OpenSolver_FastBuild=0 -> #NAME?
A5: =OpenSolver_LinearityCheck=1 -> #NAME? | B5: =OpenSolver_LinearityCheck=1 -> #NAME?
A6: =solver_adj='EX1'!B12:C12 -> #NAME? | B6: =solver_adj='EX1'!C12 -> #NAME?
A7: =solver_lhs1=Guide!E6 -> #NAME? | B7: =solver_adj1='EX1'!B12 -> #NAME?
A8: =solver_lhs2=Guide!E7 -> #NAME? | B8: =solver_lhs1='EX1'!B14 -> #NAME?
A9: =solver_lhs3=Guide!C3:D3 -> #NAME? | B9: =solver_lhs2='EX1'!B15 -> #NAME?
A10: =solver_neg=1 -> #NAME? | B10: =solver_lhs3='EX1'!C12 -> #NAME?
A11: =solver_num=3 -> #NAME? | B11: =solver_lhs4='EX1'!B12 -> #NAME?
A12: =solver_opt='EX1'!D12 -> #NAME? | B12: =solver_neg=1 -> #NAME?
A13: =solver_rel1=1 -> #NAME? | B13: =solver_num=4 -> #NAME?
A14: =solver_rel2=1 -> #NAME? | B14: =solver_opt='EX1'!D12 -> #NAME?
A15: =solver_rel3=3 -> #NAME? | B15: =solver_rel1=1 -> #NAME?
A16: =solver_rhs1=Guide!F6 -> #NAME? | B16: =solver_rel2=1 -> #NAME?
A17: =solver_rhs2=Guide!F7 -> #NAME? | B17: =solver_rel3=3 -> #NAME?
A18: =solver_rhs3=Guide!G11 -> #NAME? | B18: =solver_rel4=3 -> #NAME?
A19: =solver_sho=1 -> #NAME? | B19: =solver_rhs1='EX1'!C14 -> #NAME?
A20: =solver_typ=1 -> #NAME? | B20: =solver_rhs2='EX1'!C15 -> #NAME?
A21: =solver_val=0 -> #NAME? | B21: =solver_rhs3='EX1'!C16 -> #NAME?
B22: =solver_rhs4='EX1'!C16 -> #NAME?
B23: =solver_sho=1 -> #NAME?
B24: =solver_typ=1 -> #NAME?
B25: =solver_val=0 -> #NAME?
